{
    "overall": {
        "accuracy": 0.17126199441272927,
        "precision": 0.3745433121830711,
        "recall": 0.17126199441272927,
        "f1_score": 0.19713755294069382
    },
    "per_class": {
        "ENFJ": {
            "precision": 0.00510204081632653,
            "recall": 0.01694915254237288,
            "f1_score": 0.00784313725490196,
            "support": 59
        },
        "ENFP": {
            "precision": 0.07380607814761216,
            "recall": 0.33406113537117904,
            "f1_score": 0.12090082971157645,
            "support": 458
        },
        "ENTJ": {
            "precision": 0.08871989860583017,
            "recall": 0.0674373795761079,
            "f1_score": 0.07662835249042145,
            "support": 1038
        },
        "ENTP": {
            "precision": 0.06274509803921569,
            "recall": 0.141280353200883,
            "f1_score": 0.08689748811948404,
            "support": 453
        },
        "ESFJ": {
            "precision": 0.044444444444444446,
            "recall": 0.19909502262443438,
            "f1_score": 0.0726672171758877,
            "support": 221
        },
        "ESFP": {
            "precision": 0.22857142857142856,
            "recall": 0.11838006230529595,
            "f1_score": 0.15597742432016418,
            "support": 1284
        },
        "ESTJ": {
            "precision": 0.08994082840236686,
            "recall": 0.19714656290531776,
            "f1_score": 0.12352702153596098,
            "support": 771
        },
        "ESTP": {
            "precision": 0.2819314641744548,
            "recall": 0.2615606936416185,
            "f1_score": 0.27136431784107945,
            "support": 1384
        },
        "INFJ": {
            "precision": 0.0,
            "recall": 0.0,
            "f1_score": 0.0,
            "support": 81
        },
        "INFP": {
            "precision": 0.1289308176100629,
            "recall": 0.08375893769152196,
            "f1_score": 0.10154798761609907,
            "support": 979
        },
        "INTJ": {
            "precision": 0.034161490683229816,
            "recall": 0.12043795620437957,
            "f1_score": 0.0532258064516129,
            "support": 274
        },
        "INTP": {
            "precision": 0.27292940522512504,
            "recall": 0.3070669168230144,
            "f1_score": 0.28899352560329605,
            "support": 1599
        },
        "ISFJ": {
            "precision": 0.09045226130653267,
            "recall": 0.18789144050104384,
            "f1_score": 0.12211668928086838,
            "support": 479
        },
        "ISFP": {
            "precision": 0.0353356890459364,
            "recall": 0.03937007874015748,
            "f1_score": 0.037243947858473,
            "support": 254
        },
        "ISTJ": {
            "precision": 0.6896778435239974,
            "recall": 0.1571064849483301,
            "f1_score": 0.25591607709197367,
            "support": 6677
        },
        "ISTP": {
            "precision": 0.04502688172043011,
            "recall": 0.14725274725274726,
            "f1_score": 0.06896551724137931,
            "support": 455
        }
    }
}