{
    "overall": {
        "accuracy": 0.3517288756583467,
        "precision": 0.41288763610999607,
        "recall": 0.3517288756583467,
        "f1_score": 0.35859487931803874
    },
    "per_class": {
        "ENFJ": {
            "precision": 0.26666666666666666,
            "recall": 0.24390243902439024,
            "f1_score": 0.25477707006369427,
            "support": 82
        },
        "ENFP": {
            "precision": 0.16276477146042365,
            "recall": 0.5309090909090909,
            "f1_score": 0.24914675767918087,
            "support": 275
        },
        "ENTJ": {
            "precision": 0.2336182336182336,
            "recall": 0.3932853717026379,
            "f1_score": 0.2931188561215371,
            "support": 417
        },
        "ENTP": {
            "precision": 0.3309608540925267,
            "recall": 0.3563218390804598,
            "f1_score": 0.34317343173431736,
            "support": 261
        },
        "ESFJ": {
            "precision": 0.27114427860696516,
            "recall": 0.5046296296296297,
            "f1_score": 0.35275080906148865,
            "support": 216
        },
        "ESFP": {
            "precision": 0.473568281938326,
            "recall": 0.32233883058470764,
            "f1_score": 0.3835860838537021,
            "support": 667
        },
        "ESTJ": {
            "precision": 0.42012779552715657,
            "recall": 0.25023786869647957,
            "f1_score": 0.3136553369111509,
            "support": 1051
        },
        "ESTP": {
            "precision": 0.47074122236671,
            "recall": 0.5077138849929874,
            "f1_score": 0.4885290148448043,
            "support": 713
        },
        "INFJ": {
            "precision": 0.4375,
            "recall": 0.3333333333333333,
            "f1_score": 0.3783783783783784,
            "support": 42
        },
        "INFP": {
            "precision": 0.3484848484848485,
            "recall": 0.33014354066985646,
            "f1_score": 0.33906633906633904,
            "support": 209
        },
        "INTJ": {
            "precision": 0.2628951747088186,
            "recall": 0.3224489795918367,
            "f1_score": 0.28964252978918426,
            "support": 490
        },
        "INTP": {
            "precision": 0.4613368283093054,
            "recall": 0.48686030428769017,
            "f1_score": 0.4737550471063257,
            "support": 723
        },
        "ISFJ": {
            "precision": 0.19235668789808918,
            "recall": 0.5084175084175084,
            "f1_score": 0.27911275415896486,
            "support": 297
        },
        "ISFP": {
            "precision": 0.1829652996845426,
            "recall": 0.2871287128712871,
            "f1_score": 0.22350674373795762,
            "support": 202
        },
        "ISTJ": {
            "precision": 0.5462962962962963,
            "recall": 0.2544474393530997,
            "f1_score": 0.3471864656123575,
            "support": 1855
        },
        "ISTP": {
            "precision": 0.44008264462809915,
            "recall": 0.34521880064829824,
            "f1_score": 0.3869209809264305,
            "support": 1234
        }
    }
}