{
    "overall": {
        "accuracy": 0.5048364534658769,
        "precision": 0.5191566550571011,
        "recall": 0.5048364534658769,
        "f1_score": 0.5065502482617231
    },
    "per_class": {
        "ENFJ": {
            "precision": 0.6785087719298246,
            "recall": 0.7366666666666667,
            "f1_score": 0.7063926940639269,
            "support": 2100
        },
        "ENFP": {
            "precision": 0.5349329569513056,
            "recall": 0.36095238095238097,
            "f1_score": 0.4310491896502701,
            "support": 2100
        },
        "ENTJ": {
            "precision": 0.27715355805243447,
            "recall": 0.38761904761904764,
            "f1_score": 0.3232082588842565,
            "support": 2100
        },
        "ENTP": {
            "precision": 0.5822222222222222,
            "recall": 0.4990476190476191,
            "f1_score": 0.5374358974358975,
            "support": 2100
        },
        "ESFJ": {
            "precision": 0.5498938428874734,
            "recall": 0.49333333333333335,
            "f1_score": 0.5200803212851406,
            "support": 2100
        },
        "ESFP": {
            "precision": 0.44504805683242793,
            "recall": 0.5071428571428571,
            "f1_score": 0.4740707767638549,
            "support": 2100
        },
        "ESTJ": {
            "precision": 0.3503521126760563,
            "recall": 0.4738095238095238,
            "f1_score": 0.402834008097166,
            "support": 2100
        },
        "ESTP": {
            "precision": 0.43378119001919385,
            "recall": 0.43047619047619046,
            "f1_score": 0.4321223709369025,
            "support": 2100
        },
        "INFJ": {
            "precision": 0.6821100917431193,
            "recall": 0.7080952380952381,
            "f1_score": 0.6948598130841122,
            "support": 2100
        },
        "INFP": {
            "precision": 0.5571428571428572,
            "recall": 0.6314285714285715,
            "f1_score": 0.5919642857142857,
            "support": 2100
        },
        "INTJ": {
            "precision": 0.7139689578713969,
            "recall": 0.6133333333333333,
            "f1_score": 0.6598360655737705,
            "support": 2100
        },
        "INTP": {
            "precision": 0.49108658743633277,
            "recall": 0.550952380952381,
            "f1_score": 0.5192998204667864,
            "support": 2100
        },
        "ISFJ": {
            "precision": 0.4318181818181818,
            "recall": 0.4614285714285714,
            "f1_score": 0.44613259668508287,
            "support": 2100
        },
        "ISFP": {
            "precision": 0.503921568627451,
            "recall": 0.36714285714285716,
            "f1_score": 0.42479338842975206,
            "support": 2100
        },
        "ISTJ": {
            "precision": 0.4508235294117647,
            "recall": 0.4561904761904762,
            "f1_score": 0.45349112426035504,
            "support": 2100
        },
        "ISTP": {
            "precision": 0.6237918215613383,
            "recall": 0.39971414959504525,
            "f1_score": 0.48722415795586527,
            "support": 2099
        }
    }
}